,User ID,Age,EstimatedSalary,Returned,Not Bought,Bought,Is_male,Cluster
0,10000,23,122492,0,0,1,1,0
1,10001,47,142543,0,1,0,0,1
2,10002,54,70131,0,0,1,0,0
3,10003,20,108437,0,1,0,1,3
4,10004,57,100832,0,0,1,1,0
5,10005,31,114560,0,0,1,1,0
6,10006,56,102969,0,1,0,1,1
7,10007,32,41017,0,1,0,0,3
8,10008,36,129540,0,1,0,0,3
9,10009,37,21296,0,0,1,1,4
10,10010,42,50542,1,0,0,0,2
11,10011,27,101722,0,1,0,1,3
12,10012,51,112034,0,1,0,0,1
13,10013,32,59119,0,0,1,1,0
14,10014,30,28593,0,1,0,1,3
15,10015,48,88141,0,0,1,1,4
16,10016,41,23164,0,1,0,0,1
17,10017,54,42932,0,1,0,0,1
18,10018,27,85570,0,0,1,1,4
19,10019,44,121785,0,1,0,1,1
20,10020,28,24863,0,1,0,0,3
21,10021,25,134672,0,0,1,1,0
22,10022,46,62121,0,1,0,0,1
23,10023,35,17800,0,0,1,0,4
24,10024,54,135276,0,1,0,0,1
25,10025,42,142630,0,1,0,1,3
26,10026,55,78835,0,1,0,1,1
27,10027,32,34227,0,1,0,1,3
28,10028,33,46602,0,1,0,0,3
29,10029,44,86012,0,0,1,1,4
30,10030,36,76886,0,1,0,1,3
31,10031,31,55316,0,0,1,1,4
32,10032,26,126938,0,0,1,1,0
33,10033,33,138634,0,1,0,0,3
34,10034,52,36992,0,1,0,1,1
35,10035,42,132107,0,1,0,1,3
36,10036,35,81832,0,1,0,1,3
37,10037,57,105751,0,0,1,0,0
38,10038,35,11327,0,1,0,0,3
39,10039,33,24274,0,0,1,1,4
40,10040,43,102624,1,0,0,1,2
41,10041,53,80276,0,0,1,0,4
42,10042,46,18027,0,0,1,1,4
43,10043,44,90278,0,1,0,0,1
44,10044,21,57005,0,0,1,0,0
45,10045,59,100663,1,0,0,0,2
46,10046,41,143727,0,1,0,0,1
47,10047,31,137012,0,0,1,0,0
48,10048,47,61149,0,1,0,1,1
49,10049,47,63260,0,1,0,1,1
50,10050,29,129090,0,1,0,1,3
51,10051,20,141119,0,1,0,1,3
52,10052,33,106533,0,0,1,1,0
53,10053,45,82003,0,0,1,1,4
54,10054,57,71862,0,0,1,0,4
55,10055,53,13919,1,0,0,0,2
56,10056,40,18090,0,1,0,0,1
57,10057,20,86630,0,0,1,0,4
58,10058,52,98227,0,0,1,0,4
59,10059,20,116981,0,0,1,1,0
60,10060,50,13927,0,1,0,0,1
61,10061,45,61585,0,1,0,0,1
62,10062,51,94232,0,1,0,0,1
63,10063,44,58764,0,0,1,0,0
64,10064,56,26663,1,0,0,1,2
65,10065,55,75600,1,0,0,0,2
66,10066,27,37525,0,0,1,0,4
67,10067,34,30047,0,1,0,0,3
68,10068,46,72047,0,1,0,1,1
69,10069,45,53605,0,0,1,0,4
70,10070,57,96968,0,0,1,0,4
71,10071,46,116896,0,0,1,0,0
72,10072,31,90447,0,1,0,1,3
73,10073,48,44949,0,0,1,0,4
74,10074,55,80147,0,1,0,0,1
75,10075,52,138435,0,1,0,0,1
76,10076,31,147986,0,0,1,0,0
77,10077,46,37189,0,0,1,0,4
78,10078,50,46338,0,1,0,0,1
79,10079,31,61764,0,0,1,1,0
80,10080,55,41737,1,0,0,1,2
81,10081,36,91217,0,1,0,1,3
82,10082,49,74377,0,0,1,1,4
83,10083,48,62775,0,1,0,1,1
84,10084,58,28655,0,0,1,0,4
85,10085,52,64713,0,0,1,1,0
86,10086,28,145973,0,0,1,0,0
87,10087,21,95798,1,0,0,1,2
88,10088,47,54698,0,1,0,1,1
89,10089,23,36860,0,1,0,1,3
90,10090,23,128964,0,0,1,0,0
91,10091,53,81964,0,0,1,0,4
92,10092,24,99865,0,0,1,0,0
93,10093,31,137278,0,0,1,0,0
94,10094,35,39082,0,0,1,0,4
95,10095,20,116748,0,1,0,1,3
96,10096,40,92790,0,1,0,0,1
97,10097,33,124208,0,0,1,0,0
98,10098,49,110722,0,1,0,1,1
99,10099,40,68052,0,1,0,1,3
100,10100,41,124558,0,1,0,1,3
101,10101,58,102275,0,0,1,0,0
102,10102,35,64780,0,0,1,0,0
103,10103,31,103802,0,0,1,0,0
104,10104,33,93198,0,0,1,0,4
105,10105,50,41325,0,1,0,1,1
106,10106,47,37192,0,0,1,1,4
107,10107,58,9557,0,1,0,0,1
108,10108,23,145205,0,1,0,1,3
109,10109,29,55162,0,0,1,1,4
110,10110,36,116775,0,0,1,0,0
111,10111,48,93136,0,1,0,0,1
112,10112,45,70816,0,1,0,0,1
113,10113,45,27572,0,0,1,0,4
114,10114,44,35936,0,0,1,1,4
115,10115,49,86060,0,1,0,1,1
116,10116,56,15811,0,1,0,0,1
117,10117,31,97664,0,1,0,0,3
118,10118,33,14622,0,1,0,0,3
119,10119,26,16347,0,0,1,0,4
120,10120,59,109391,0,0,1,1,0
121,10121,23,29066,0,1,0,1,3
122,10122,50,81018,0,0,1,0,4
123,10123,52,139712,0,0,1,1,0
124,10124,24,85485,0,0,1,0,4
125,10125,49,60224,0,1,0,0,1
126,10126,59,52326,0,1,0,1,1
127,10127,55,113530,0,1,0,1,1
128,10128,42,60821,0,1,0,0,1
129,10129,56,18900,1,0,0,1,2
130,10130,34,19145,0,1,0,0,3
131,10131,32,93074,0,0,1,1,4
132,10132,28,15325,0,1,0,1,3
133,10133,22,12115,0,0,1,1,4
134,10134,36,136534,0,1,0,1,3
135,10135,43,96235,0,0,1,1,4
136,10136,40,133510,0,1,0,0,1
137,10137,29,93119,0,0,1,0,4
138,10138,47,77170,0,1,0,0,1
139,10139,44,37037,0,0,1,0,4
140,10140,26,40217,0,0,1,0,4
141,10141,45,78910,0,1,0,0,1
142,10142,23,19883,0,0,1,1,4
143,10143,47,15696,0,0,1,0,4
144,10144,48,68542,0,0,1,1,0
145,10145,50,20944,0,0,1,0,4
146,10146,24,76377,0,0,1,0,4
147,10147,41,131880,0,0,1,1,0
148,10148,29,63794,0,0,1,0,0
149,10149,20,111146,0,1,0,1,3
150,10150,56,41711,0,1,0,0,1
151,10151,43,125115,0,1,0,0,1
152,10152,59,124494,0,1,0,1,1
153,10153,27,137721,0,0,1,0,0
154,10154,54,8169,0,0,1,0,4
155,10155,56,129497,0,1,0,0,1
156,10156,53,25363,0,0,1,1,4
157,10157,34,15293,0,1,0,0,3
158,10158,48,12270,0,0,1,1,4
159,10159,36,107485,0,0,1,0,0
160,10160,37,128430,0,1,0,1,3
161,10161,58,117309,0,0,1,1,0
162,10162,57,102099,0,1,0,1,1
163,10163,28,31062,0,0,1,1,4
164,10164,33,84878,0,0,1,0,4
165,10165,37,48351,0,0,1,0,4
166,10166,56,109461,0,1,0,0,1
167,10167,34,38332,0,0,1,1,4
168,10168,59,48705,0,0,1,0,4
169,10169,52,111049,0,1,0,0,1
170,10170,23,121786,0,1,0,0,3
171,10171,26,20707,0,1,0,1,3
172,10172,54,13738,0,1,0,0,1
173,10173,35,94602,0,1,0,1,3
174,10174,41,98046,0,0,1,0,4
175,10175,30,61626,0,1,0,0,3
176,10176,54,109079,0,0,1,1,0
177,10177,28,52117,0,1,0,0,3
178,10178,58,81636,0,1,0,0,1
179,10179,36,131294,0,1,0,0,3
180,10180,39,78488,0,1,0,1,3
181,10181,46,50990,0,1,0,1,1
182,10182,51,49549,0,1,0,0,1
183,10183,42,134236,0,1,0,0,1
184,10184,39,44616,0,1,0,0,1
185,10185,35,66844,0,1,0,1,3
186,10186,55,70656,0,1,0,1,1
187,10187,31,135918,0,1,0,1,3
188,10188,39,11165,0,0,1,1,4
189,10189,47,11778,0,1,0,0,1
190,10190,26,77869,0,1,0,1,3
191,10191,56,47793,0,1,0,1,1
192,10192,55,132760,0,0,1,1,0
193,10193,26,145947,0,1,0,1,3
194,10194,29,143337,0,0,1,0,0
195,10195,49,81392,0,0,1,0,4
196,10196,56,63460,0,0,1,1,0
197,10197,46,104594,0,0,1,0,0
198,10198,57,90743,0,0,1,0,4
199,10199,47,123972,0,0,1,0,0
200,10200,42,112425,1,0,0,1,2
201,10201,58,91311,0,1,0,0,1
202,10202,43,147369,0,1,0,0,1
203,10203,49,71314,0,0,1,0,4
204,10204,59,52277,0,1,0,0,1
205,10205,35,20662,0,0,1,1,4
206,10206,59,40125,0,0,1,1,4
207,10207,27,86403,0,0,1,1,4
208,10208,27,124467,0,1,0,1,3
209,10209,26,132197,0,1,0,1,3
210,10210,45,140661,0,1,0,1,1
211,10211,24,139127,0,0,1,1,0
212,10212,33,73118,0,1,0,1,3
213,10213,41,17522,1,0,0,1,2
214,10214,22,18386,1,0,0,1,2
215,10215,57,124955,0,1,0,0,1
216,10216,42,85806,0,1,0,0,1
217,10217,55,47912,0,1,0,1,1
218,10218,22,100500,0,1,0,1,3
219,10219,41,28605,0,1,0,1,3
220,10220,42,144858,0,1,0,1,3
221,10221,36,57029,0,0,1,1,0
222,10222,44,119232,0,1,0,0,1
223,10223,45,24807,0,0,1,0,4
224,10224,37,78606,0,0,1,0,4
225,10225,56,141609,0,1,0,0,1
226,10226,54,125302,0,1,0,1,1
227,10227,52,131812,0,0,1,1,0
228,10228,34,83752,0,0,1,0,4
229,10229,31,102274,0,0,1,0,0
230,10230,20,63675,0,0,1,0,0
231,10231,29,25902,0,1,0,0,3
232,10232,27,36045,0,1,0,0,3
233,10233,58,133718,0,1,0,1,1
234,10234,34,115558,0,0,1,0,0
235,10235,50,135312,0,1,0,1,1
236,10236,44,146440,0,0,1,0,0
237,10237,46,32955,0,1,0,1,1
238,10238,45,132245,0,1,0,0,1
239,10239,29,58707,0,0,1,0,0
240,10240,54,122231,0,1,0,0,1
241,10241,51,68910,0,1,0,0,1
242,10242,29,41457,0,1,0,0,3
243,10243,50,52544,0,0,1,1,4
244,10244,42,49009,0,0,1,0,4
245,10245,58,113946,0,0,1,1,0
246,10246,34,10421,0,0,1,0,4
247,10247,24,50038,0,0,1,1,4
248,10248,25,15084,0,0,1,1,4
249,10249,33,79935,0,1,0,1,3
250,10250,45,138504,0,0,1,1,0
251,10251,42,110332,0,0,1,0,0
252,10252,55,67930,0,1,0,0,1
253,10253,22,27317,0,1,0,1,3
254,10254,41,135144,0,0,1,0,0
255,10255,52,91898,1,0,0,0,2
256,10256,26,128135,0,1,0,1,3
257,10257,22,130320,0,1,0,0,3
258,10258,54,38515,0,1,0,0,1
259,10259,47,27604,0,1,0,1,1
260,10260,21,68240,0,0,1,1,0
261,10261,26,131848,0,1,0,1,3
262,10262,28,60911,0,1,0,0,3
263,10263,53,124426,0,1,0,1,1
264,10264,40,10217,0,1,0,1,3
265,10265,38,123864,0,1,0,1,3
266,10266,32,52971,0,1,0,0,3
267,10267,21,128183,0,1,0,1,3
268,10268,38,31579,0,0,1,0,4
269,10269,41,41312,0,0,1,0,4
270,10270,38,98624,0,1,0,1,3
271,10271,28,148946,0,0,1,0,0
272,10272,20,134095,0,0,1,1,0
273,10273,45,42723,0,0,1,0,4
274,10274,23,125739,0,0,1,0,0
275,10275,36,121779,0,1,0,0,3
276,10276,41,107246,0,1,0,1,3
277,10277,26,65701,0,0,1,0,0
278,10278,37,90860,0,1,0,1,3
279,10279,23,113323,1,0,0,1,2
280,10280,42,22802,0,0,1,1,4
281,10281,31,41865,0,1,0,1,3
282,10282,22,44543,0,1,0,1,3
283,10283,50,59121,0,1,0,0,1
284,10284,36,127881,0,0,1,0,0
285,10285,42,64461,0,1,0,1,3
286,10286,37,147522,0,0,1,0,0
287,10287,32,147291,0,1,0,1,3
288,10288,42,120344,0,1,0,0,1
289,10289,59,140168,0,1,0,0,1
290,10290,32,134649,0,1,0,0,3
291,10291,37,105336,0,0,1,0,0
292,10292,35,69513,0,1,0,0,3
293,10293,22,8732,0,0,1,0,4
294,10294,33,45693,0,1,0,1,3
295,10295,31,68138,0,0,1,1,0
296,10296,53,20283,0,0,1,0,4
297,10297,55,17043,0,1,0,0,1
298,10298,54,32313,0,1,0,0,1
299,10299,50,54368,1,0,0,1,2
300,10300,51,112836,0,1,0,1,1
301,10301,51,85536,0,1,0,0,1
302,10302,40,41586,0,1,0,1,3
303,10303,28,10421,0,1,0,0,3
304,10304,38,137199,0,1,0,0,3
305,10305,33,18647,0,1,0,0,3
306,10306,58,142736,0,1,0,1,1
307,10307,23,102851,0,0,1,1,0
308,10308,38,69605,0,1,0,1,3
309,10309,25,116244,0,0,1,1,0
310,10310,26,20888,0,0,1,1,4
311,10311,36,17871,0,0,1,1,4
312,10312,21,43063,0,0,1,0,4
313,10313,58,58894,0,0,1,0,0
314,10314,28,58134,0,1,0,1,3
315,10315,47,87811,0,0,1,0,4
316,10316,26,86753,0,0,1,1,4
317,10317,42,100146,0,1,0,0,1
318,10318,47,91444,0,1,0,0,1
319,10319,24,113188,0,1,0,1,3
320,10320,42,115223,0,1,0,0,1
321,10321,39,17957,0,0,1,1,4
322,10322,51,125605,0,1,0,0,1
323,10323,27,59478,0,1,0,0,3
324,10324,21,9153,0,0,1,1,4
325,10325,51,145377,0,1,0,1,1
326,10326,25,98310,0,0,1,1,4
327,10327,53,10459,0,0,1,0,4
328,10328,20,140336,0,1,0,1,3
329,10329,50,95290,0,1,0,1,1
330,10330,32,44495,0,1,0,1,3
331,10331,50,89899,0,0,1,1,4
332,10332,48,9814,0,0,1,1,4
333,10333,55,137393,0,0,1,0,0
334,10334,46,112500,0,1,0,1,1
335,10335,40,28670,0,1,0,1,3
336,10336,47,121194,0,1,0,1,1
337,10337,59,56309,0,1,0,0,1
338,10338,52,54016,0,1,0,1,1
339,10339,42,100952,0,0,1,1,0
340,10340,34,128050,1,0,0,1,2
341,10341,47,75503,0,0,1,0,4
342,10342,57,53078,0,0,1,0,4
343,10343,57,91211,0,0,1,1,4
344,10344,28,21769,0,1,0,1,3
345,10345,31,51864,0,1,0,1,3
346,10346,36,48862,0,0,1,0,4
347,10347,27,146671,0,1,0,0,3
348,10348,26,51245,0,0,1,0,4
349,10349,23,102648,0,1,0,1,3
350,10350,58,22650,0,1,0,0,1
351,10351,58,17992,0,1,0,1,1
352,10352,38,77611,0,1,0,0,1
353,10353,38,64434,0,1,0,0,1
354,10354,28,41733,0,1,0,0,3
355,10355,21,100550,0,1,0,0,3
356,10356,42,45788,0,0,1,0,4
357,10357,26,103880,0,1,0,0,3
358,10358,33,91420,0,1,0,0,3
359,10359,31,105014,0,1,0,0,3
360,10360,55,66748,0,1,0,1,1
361,10361,22,149468,0,1,0,1,3
362,10362,23,24594,0,0,1,1,4
363,10363,24,66261,0,0,1,0,0
364,10364,43,131941,0,1,0,0,1
365,10365,32,95143,0,0,1,1,4
366,10366,30,140212,0,1,0,1,3
367,10367,40,35509,0,0,1,0,4
368,10368,25,80209,0,0,1,0,4
369,10369,56,72658,1,0,0,1,2
370,10370,31,115843,0,0,1,1,0
371,10371,40,52619,0,1,0,0,1
372,10372,44,22045,0,1,0,0,1
373,10373,57,79291,0,1,0,1,1
374,10374,56,107887,0,1,0,0,1
375,10375,22,19448,0,1,0,0,3
376,10376,42,72360,0,1,0,1,3
377,10377,28,24077,0,0,1,0,4
378,10378,58,29534,1,0,0,1,2
379,10379,48,28178,0,1,0,0,1
380,10380,24,121989,0,1,0,1,3
381,10381,42,71200,0,0,1,0,4
382,10382,49,18893,0,0,1,1,4
383,10383,20,50974,0,0,1,1,4
384,10384,56,99427,0,1,0,1,1
385,10385,43,42340,0,1,0,1,1
386,10386,42,23262,0,1,0,1,1
387,10387,59,108516,0,0,1,1,0
388,10388,22,115835,0,1,0,0,3
389,10389,26,9840,0,1,0,0,3
390,10390,22,11005,0,0,1,0,4
391,10391,48,108546,0,0,1,1,0
392,10392,50,74099,0,1,0,0,1
393,10393,49,90159,0,0,1,1,4
394,10394,31,71043,0,1,0,0,3
395,10395,34,144018,0,1,0,0,3
396,10396,55,42085,0,1,0,0,1
397,10397,53,105831,0,1,0,0,1
398,10398,23,64793,0,0,1,0,0
399,10399,33,88491,0,0,1,1,4
400,10400,47,33731,0,0,1,1,4
401,10401,41,42088,0,0,1,1,4
402,10402,22,110194,0,1,0,1,3
403,10403,29,31417,1,0,0,0,2
404,10404,33,29833,0,0,1,1,4
405,10405,49,93757,0,1,0,0,1
406,10406,39,108120,0,0,1,1,0
407,10407,36,69080,0,1,0,0,3
408,10408,23,90000,0,0,1,1,4
409,10409,50,50609,0,0,1,0,4
410,10410,39,149876,0,0,1,1,0
411,10411,22,103616,0,1,0,1,3
412,10412,27,89307,0,0,1,0,4
413,10413,22,87125,0,1,0,0,3
414,10414,29,122029,0,0,1,1,0
415,10415,41,91480,0,0,1,1,4
416,10416,23,72590,0,1,0,1,3
417,10417,21,94042,0,1,0,0,3
418,10418,59,135740,0,1,0,0,1
419,10419,21,104562,0,0,1,0,0
420,10420,45,138841,0,0,1,0,0
421,10421,44,67356,0,1,0,1,1
422,10422,38,140332,0,0,1,1,0
423,10423,31,21651,1,0,0,1,2
424,10424,41,55507,0,1,0,1,3
425,10425,36,143944,0,1,0,1,3
426,10426,30,125308,0,0,1,0,0
427,10427,32,91891,0,0,1,1,4
428,10428,36,136118,0,0,1,1,0
429,10429,41,21501,0,0,1,1,4
430,10430,33,16861,0,0,1,0,4
431,10431,36,89980,0,0,1,0,4
432,10432,42,63687,0,0,1,1,0
433,10433,39,44378,0,1,0,1,3
434,10434,56,115718,0,1,0,1,1
435,10435,28,116002,0,0,1,1,0
436,10436,44,122943,0,1,0,1,3
437,10437,53,97025,0,0,1,0,4
438,10438,59,29662,0,1,0,1,1
439,10439,32,65579,0,1,0,1,3
440,10440,21,10864,0,1,0,1,3
441,10441,49,142661,0,0,1,1,0
442,10442,56,103729,0,1,0,0,1
443,10443,22,53107,0,0,1,1,4
444,10444,52,66121,0,1,0,1,1
445,10445,52,117514,0,0,1,1,0
446,10446,51,125795,0,1,0,0,1
447,10447,21,51493,0,0,1,0,4
448,10448,53,12500,0,1,0,0,1
449,10449,45,56442,0,0,1,1,0
450,10450,59,41780,0,0,1,0,4
451,10451,35,59435,0,0,1,0,0
452,10452,36,129077,0,1,0,1,3
453,10453,46,148979,0,1,0,0,1
454,10454,42,96420,0,1,0,1,3
455,10455,47,123823,0,1,0,1,1
456,10456,54,61664,0,1,0,0,1
457,10457,32,142116,0,1,0,0,3
458,10458,45,54670,0,1,0,1,1
459,10459,25,125159,0,0,1,0,0
460,10460,51,131671,0,0,1,0,0
461,10461,23,46453,0,1,0,0,3
462,10462,49,82498,1,0,0,0,2
463,10463,26,98761,0,0,1,0,4
464,10464,29,106249,0,0,1,1,0
465,10465,44,19708,0,1,0,0,1
466,10466,31,37041,1,0,0,0,2
467,10467,22,93106,0,0,1,1,4
468,10468,35,147286,0,0,1,1,0
469,10469,52,47488,0,0,1,0,4
470,10470,49,32665,0,1,0,1,1
471,10471,49,146988,0,1,0,0,1
472,10472,51,122973,0,1,0,0,1
473,10473,35,27207,0,1,0,1,3
474,10474,35,103418,0,1,0,1,3
475,10475,30,77988,0,1,0,1,3
476,10476,27,86073,0,0,1,1,4
477,10477,31,33969,0,1,0,0,3
478,10478,33,100200,0,1,0,0,3
479,10479,25,53325,0,0,1,0,4
480,10480,49,48434,0,1,0,1,1
481,10481,43,113263,0,0,1,1,0
482,10482,21,80933,0,1,0,0,3
483,10483,58,134083,0,1,0,1,1
484,10484,40,39388,0,0,1,0,4
485,10485,24,59173,0,0,1,0,0
486,10486,45,31250,0,1,0,1,1
487,10487,24,49382,0,0,1,1,4
488,10488,23,81917,0,0,1,0,4
489,10489,58,148088,0,0,1,1,0
490,10490,28,50807,0,0,1,0,4
491,10491,37,47855,0,1,0,1,3
492,10492,50,112621,0,0,1,1,0
493,10493,39,139069,0,1,0,0,3
494,10494,38,24727,0,0,1,0,4
495,10495,57,29556,0,0,1,0,4
496,10496,57,87627,0,1,0,0,1
497,10497,54,46789,0,1,0,0,1
498,10498,25,87289,0,1,0,0,3
499,10499,55,78185,0,1,0,1,1
500,10500,36,81242,0,1,0,0,3
501,10501,46,48315,0,1,0,0,1
502,10502,38,104543,0,1,0,0,3
503,10503,59,61386,0,1,0,1,1
504,10504,58,94561,0,1,0,1,1
505,10505,33,134886,0,1,0,0,3
506,10506,36,100943,0,1,0,0,3
507,10507,47,44593,0,1,0,0,1
508,10508,36,89544,0,1,0,1,3
509,10509,23,24655,0,0,1,0,4
510,10510,50,136901,0,0,1,1,0
511,10511,27,26468,0,0,1,0,4
512,10512,29,118884,0,1,0,1,3
513,10513,22,41430,0,0,1,1,4
514,10514,38,12871,0,0,1,0,4
515,10515,22,82404,0,0,1,0,4
516,10516,53,133940,0,1,0,0,1
517,10517,36,84356,0,1,0,0,3
518,10518,37,52420,0,1,0,1,3
519,10519,21,140346,0,1,0,1,3
520,10520,31,13342,0,1,0,0,3
521,10521,25,112360,0,0,1,0,0
522,10522,57,30245,0,1,0,0,1
523,10523,40,8515,0,1,0,0,1
524,10524,46,94318,0,1,0,0,1
525,10525,45,44744,0,1,0,0,1
526,10526,57,127929,0,1,0,1,1
527,10527,38,49487,0,0,1,0,4
528,10528,28,18311,0,1,0,0,3
529,10529,35,29303,0,1,0,0,3
530,10530,25,106389,0,1,0,0,3
531,10531,35,129853,0,0,1,1,0
532,10532,38,45434,0,1,0,0,1
533,10533,46,12152,0,0,1,0,4
534,10534,22,121243,0,1,0,0,3
535,10535,56,25959,0,1,0,1,1
536,10536,25,66083,0,0,1,1,0
537,10537,56,43175,0,0,1,0,4
538,10538,37,26255,0,1,0,0,1
539,10539,31,118134,0,1,0,0,3
540,10540,48,57282,0,1,0,1,1
541,10541,55,81527,0,1,0,0,1
542,10542,50,77364,0,1,0,1,1
543,10543,41,67560,0,1,0,1,3
544,10544,39,108645,0,1,0,1,3
545,10545,56,54835,0,1,0,0,1
546,10546,43,100040,0,0,1,0,0
547,10547,25,64435,1,0,0,0,2
548,10548,26,121453,0,0,1,1,0
549,10549,57,95778,0,0,1,0,4
550,10550,25,76403,0,1,0,0,3
551,10551,41,70052,0,0,1,0,0
552,10552,23,56775,0,1,0,0,3
553,10553,21,144822,0,0,1,1,0
554,10554,24,130857,0,0,1,0,0
555,10555,55,11711,0,1,0,1,1
556,10556,44,47373,0,0,1,0,4
557,10557,25,49167,0,1,0,0,3
558,10558,31,136927,0,0,1,0,0
559,10559,29,118865,0,0,1,1,0
560,10560,40,30009,0,0,1,1,4
561,10561,38,80252,0,1,0,1,3
562,10562,37,66024,0,0,1,0,0
563,10563,27,19178,0,0,1,1,4
564,10564,49,65354,0,1,0,0,1
565,10565,48,67169,0,1,0,0,1
566,10566,45,121415,0,0,1,1,0
567,10567,42,142264,0,1,0,0,1
568,10568,28,55051,0,0,1,1,4
569,10569,35,115864,0,1,0,0,3
570,10570,50,132208,0,1,0,0,1
571,10571,52,48266,0,1,0,0,1
572,10572,45,36065,0,1,0,1,1
573,10573,55,57095,0,1,0,0,1
574,10574,20,77177,0,1,0,0,3
575,10575,24,126136,0,0,1,1,0
576,10576,20,75196,0,1,0,1,3
577,10577,58,98554,0,1,0,1,1
578,10578,50,44374,0,0,1,0,4
579,10579,56,90940,0,1,0,0,1
580,10580,21,66586,0,0,1,0,0
581,10581,22,126992,0,0,1,1,0
582,10582,39,134939,0,0,1,1,0
583,10583,23,55085,0,0,1,1,4
584,10584,30,78980,0,0,1,0,4
585,10585,43,42595,0,1,0,0,1
586,10586,51,126875,0,1,0,1,1
587,10587,24,141313,0,0,1,1,0
588,10588,32,108119,0,0,1,1,0
589,10589,30,99519,0,1,0,0,3
590,10590,36,73450,0,1,0,1,3
591,10591,59,94078,0,1,0,1,1
592,10592,47,73996,0,1,0,0,1
593,10593,33,91411,0,0,1,1,4
594,10594,53,60791,0,0,1,1,0
595,10595,32,21972,0,0,1,0,4
596,10596,41,85438,0,1,0,0,1
597,10597,31,79423,0,1,0,1,3
598,10598,58,39398,0,0,1,0,4
599,10599,50,8231,0,1,0,0,1
600,10600,53,32108,0,1,0,1,1
601,10601,48,119797,0,1,0,0,1
602,10602,38,82040,0,0,1,1,4
603,10603,22,106219,0,1,0,1,3
604,10604,48,43275,0,1,0,1,1
605,10605,33,25584,0,0,1,0,4
606,10606,43,102524,1,0,0,1,2
607,10607,44,37289,0,0,1,1,4
608,10608,54,9372,0,1,0,0,1
609,10609,25,145592,0,1,0,0,3
610,10610,31,31338,0,0,1,1,4
611,10611,24,25703,0,1,0,1,3
612,10612,49,11751,0,1,0,1,1
613,10613,37,35695,0,1,0,1,3
614,10614,24,108096,0,0,1,0,0
615,10615,32,38896,0,1,0,1,3
616,10616,50,33291,0,1,0,1,1
617,10617,22,27728,0,1,0,0,3
618,10618,35,143940,0,0,1,1,0
619,10619,55,27991,1,0,0,1,2
620,10620,54,97942,0,0,1,0,4
621,10621,59,34897,0,1,0,0,1
622,10622,39,144701,0,0,1,1,0
623,10623,41,149946,0,1,0,0,1
624,10624,29,62433,0,0,1,1,0
625,10625,28,143760,0,1,0,0,3
626,10626,36,119392,0,1,0,1,3
627,10627,23,136390,0,0,1,1,0
628,10628,29,67532,0,0,1,1,0
629,10629,53,107910,1,0,0,0,2
630,10630,21,131106,0,0,1,0,0
631,10631,36,108069,0,1,0,1,3
632,10632,32,50624,0,1,0,1,3
633,10633,59,111420,0,1,0,0,1
634,10634,33,135069,0,0,1,1,0
635,10635,35,148107,0,0,1,1,0
636,10636,22,46230,0,1,0,0,3
637,10637,24,48982,0,1,0,0,3
638,10638,32,62293,0,1,0,0,3
639,10639,27,102873,0,1,0,0,3
640,10640,53,72096,0,0,1,0,4
641,10641,24,11456,0,1,0,1,3
642,10642,46,139704,0,0,1,0,0
643,10643,59,52361,0,1,0,0,1
644,10644,52,44904,0,0,1,0,4
645,10645,30,26666,0,0,1,1,4
646,10646,43,127559,0,0,1,1,0
647,10647,29,113261,0,0,1,1,0
648,10648,29,62215,0,1,0,1,3
649,10649,44,92256,1,0,0,1,2
650,10650,49,128695,0,0,1,0,0
651,10651,43,78425,0,1,0,1,3
652,10652,59,106124,1,0,0,0,2
653,10653,58,21770,0,0,1,0,4
654,10654,38,109910,0,0,1,0,0
655,10655,31,49377,0,1,0,1,3
656,10656,47,62600,0,0,1,1,0
657,10657,23,67683,0,1,0,1,3
658,10658,48,42199,0,1,0,1,1
659,10659,45,53879,0,1,0,1,1
660,10660,44,145569,0,0,1,1,0
661,10661,37,70880,0,1,0,0,3
662,10662,47,18843,0,1,0,1,1
663,10663,31,11172,0,1,0,1,3
664,10664,37,118022,0,1,0,1,3
665,10665,59,117698,0,0,1,1,0
666,10666,44,80360,0,1,0,0,1
667,10667,49,91056,0,0,1,0,4
668,10668,27,82866,0,1,0,0,3
669,10669,32,31083,0,1,0,1,3
670,10670,55,119801,0,0,1,1,0
671,10671,46,21799,0,1,0,1,1
672,10672,46,104699,0,0,1,0,0
673,10673,46,97406,0,0,1,1,4
674,10674,52,82092,0,0,1,1,4
675,10675,49,10416,0,0,1,0,4
676,10676,34,115696,0,0,1,0,0
677,10677,33,45914,0,1,0,0,3
678,10678,43,13201,0,0,1,0,4
679,10679,50,96636,1,0,0,0,2
680,10680,40,17867,0,1,0,1,3
681,10681,35,124281,0,1,0,0,3
682,10682,21,116544,0,0,1,0,0
683,10683,39,140819,0,0,1,1,0
684,10684,25,148565,0,0,1,1,0
685,10685,42,137773,0,0,1,1,0
686,10686,22,128609,0,1,0,0,3
687,10687,28,140564,0,0,1,0,0
688,10688,30,102493,0,1,0,1,3
689,10689,53,26076,0,1,0,1,1
690,10690,51,37380,0,1,0,1,1
691,10691,38,52810,0,0,1,0,4
692,10692,38,20936,0,0,1,1,4
693,10693,34,118394,1,0,0,0,2
694,10694,33,86232,0,1,0,0,3
695,10695,45,83480,0,0,1,1,4
696,10696,24,114296,0,0,1,0,0
697,10697,58,114584,0,1,0,0,1
698,10698,45,50422,0,1,0,1,1
699,10699,32,67619,0,0,1,0,0
700,10700,35,122537,0,1,0,1,3
701,10701,54,117825,0,0,1,1,0
702,10702,50,45986,0,0,1,0,4
703,10703,23,87662,0,0,1,0,4
704,10704,35,119091,0,1,0,1,3
705,10705,41,56839,0,0,1,0,0
706,10706,49,45171,0,1,0,1,1
707,10707,55,124131,0,0,1,0,0
708,10708,56,109623,0,0,1,1,0
709,10709,42,146064,0,0,1,1,0
710,10710,20,8741,0,0,1,1,4
711,10711,48,31332,0,1,0,0,1
712,10712,35,126588,0,1,0,0,3
713,10713,36,140426,0,1,0,1,3
714,10714,34,111941,0,0,1,0,0
715,10715,38,75717,0,0,1,1,4
716,10716,56,96416,0,1,0,0,1
717,10717,52,51036,0,0,1,1,4
718,10718,40,67349,0,0,1,0,0
719,10719,31,21757,0,0,1,0,4
720,10720,51,49992,0,1,0,1,1
721,10721,39,24344,0,0,1,0,4
722,10722,40,75595,0,0,1,0,4
723,10723,45,34522,0,1,0,0,1
724,10724,40,108426,0,1,0,0,1
725,10725,24,66791,0,1,0,1,3
726,10726,24,14418,0,1,0,1,3
727,10727,59,131445,0,1,0,1,1
728,10728,58,42940,0,0,1,1,4
729,10729,33,129820,0,1,0,1,3
730,10730,22,111294,0,1,0,0,3
731,10731,46,47139,0,0,1,0,4
732,10732,58,145496,1,0,0,0,2
733,10733,58,72593,0,1,0,1,1
734,10734,24,97530,0,0,1,0,4
735,10735,55,90687,1,0,0,1,2
736,10736,30,149075,0,1,0,0,3
737,10737,58,143021,0,1,0,0,1
738,10738,45,134469,0,1,0,0,1
739,10739,51,98297,0,0,1,0,4
740,10740,32,89676,0,0,1,1,4
741,10741,27,14699,0,1,0,1,3
742,10742,48,100944,0,0,1,0,0
743,10743,34,108271,0,0,1,0,0
744,10744,59,42634,0,1,0,1,1
745,10745,38,96315,0,1,0,1,3
746,10746,40,137189,0,1,0,1,3
747,10747,34,128019,1,0,0,0,2
748,10748,20,121786,0,1,0,1,3
749,10749,52,35904,0,1,0,0,1
750,10750,56,22755,0,0,1,1,4
751,10751,46,140275,0,1,0,1,1
752,10752,39,38798,0,1,0,1,3
753,10753,38,133812,0,0,1,1,0
754,10754,29,115108,0,0,1,0,0
755,10755,44,139383,0,0,1,1,0
756,10756,41,90666,0,1,0,1,3
757,10757,36,72233,0,1,0,1,3
758,10758,43,124220,1,0,0,0,2
759,10759,29,52658,0,0,1,0,4
760,10760,53,85103,0,1,0,0,1
761,10761,25,148484,0,1,0,1,3
762,10762,55,141369,0,1,0,0,1
763,10763,34,90025,1,0,0,1,2
764,10764,50,133704,0,1,0,0,1
765,10765,20,89748,0,1,0,0,3
766,10766,43,141764,0,1,0,0,1
767,10767,48,37860,0,1,0,0,1
768,10768,44,84980,0,1,0,1,3
769,10769,55,10919,0,0,1,0,4
770,10770,25,21794,0,1,0,1,3
771,10771,30,122048,0,0,1,0,0
772,10772,20,135176,0,0,1,0,0
773,10773,27,11143,0,0,1,1,4
774,10774,23,133440,0,0,1,1,0
775,10775,59,80735,0,0,1,0,4
776,10776,55,60614,0,0,1,0,0
777,10777,56,19315,0,1,0,0,1
778,10778,24,71604,0,1,0,0,3
779,10779,43,52849,0,0,1,0,4
780,10780,37,96037,0,1,0,1,3
781,10781,21,98442,0,0,1,1,4
782,10782,57,114792,0,1,0,0,1
783,10783,39,26786,0,1,0,1,3
784,10784,28,130924,0,0,1,0,0
785,10785,51,60272,0,1,0,0,1
786,10786,35,116166,0,1,0,0,3
787,10787,52,122852,0,1,0,1,1
788,10788,21,36567,0,0,1,1,4
789,10789,47,101004,0,1,0,0,1
790,10790,32,125083,0,1,0,1,3
791,10791,43,96325,0,0,1,1,4
792,10792,39,62711,0,1,0,1,3
793,10793,43,30414,0,0,1,0,4
794,10794,37,44582,0,1,0,0,3
795,10795,44,147977,0,1,0,1,3
796,10796,49,76530,0,1,0,0,1
797,10797,54,27190,0,0,1,0,4
798,10798,31,141851,0,0,1,1,0
799,10799,30,114105,1,0,0,1,2
800,10800,46,142449,0,0,1,0,0
801,10801,47,146059,0,0,1,0,0
802,10802,55,80624,0,0,1,0,4
803,10803,28,45098,0,1,0,0,3
804,10804,27,126709,0,1,0,1,3
805,10805,24,38563,0,0,1,1,4
806,10806,40,112659,0,0,1,0,0
807,10807,41,115342,0,0,1,0,0
808,10808,40,18161,0,1,0,1,3
809,10809,35,135393,0,0,1,0,0
810,10810,49,61967,0,0,1,1,0
811,10811,54,140535,0,1,0,1,1
812,10812,42,122120,0,1,0,0,1
813,10813,43,44396,1,0,0,0,2
814,10814,46,88406,0,1,0,1,1
815,10815,47,130767,0,0,1,1,0
816,10816,21,105894,0,0,1,0,0
817,10817,58,13156,0,1,0,0,1
818,10818,51,123157,0,1,0,0,1
819,10819,57,27073,0,0,1,0,4
820,10820,53,125175,0,0,1,0,0
821,10821,36,50038,0,0,1,1,4
822,10822,43,83178,0,0,1,1,4
823,10823,33,60396,0,0,1,0,0
824,10824,33,47436,0,0,1,1,4
825,10825,38,73530,0,1,0,0,3
826,10826,48,98255,1,0,0,0,2
827,10827,44,94321,0,0,1,1,4
828,10828,31,68992,0,1,0,1,3
829,10829,22,126541,0,0,1,0,0
830,10830,40,113207,0,1,0,0,1
831,10831,56,24779,0,1,0,1,1
832,10832,40,137032,0,0,1,1,0
833,10833,59,56657,0,1,0,0,1
834,10834,29,80568,0,1,0,0,3
835,10835,41,44000,1,0,0,0,2
836,10836,41,95363,0,0,1,0,4
837,10837,40,89960,0,1,0,1,3
838,10838,42,82507,0,0,1,0,4
839,10839,21,95814,0,1,0,0,3
840,10840,52,45767,0,0,1,1,4
841,10841,29,101579,0,1,0,1,3
842,10842,46,86942,0,1,0,1,1
843,10843,43,108784,0,1,0,1,3
844,10844,47,65606,0,1,0,1,1
845,10845,29,121076,0,0,1,0,0
846,10846,47,44057,0,1,0,0,1
847,10847,28,85358,0,0,1,0,4
848,10848,37,137136,0,0,1,1,0
849,10849,56,39384,0,0,1,0,4
850,10850,56,20938,0,1,0,1,1
851,10851,26,102349,0,0,1,0,0
852,10852,24,66373,0,1,0,1,3
853,10853,28,111753,0,1,0,1,3
854,10854,26,30540,0,1,0,0,3
855,10855,36,119503,0,0,1,1,0
856,10856,53,54731,0,0,1,0,4
857,10857,40,68837,1,0,0,0,2
858,10858,35,135982,0,0,1,0,0
859,10859,54,33378,0,1,0,1,1
860,10860,37,35480,0,0,1,1,4
861,10861,22,76912,0,0,1,0,4
862,10862,43,38630,0,0,1,0,4
863,10863,48,84747,0,1,0,0,1
864,10864,33,71784,0,0,1,1,4
865,10865,34,90850,0,0,1,0,4
866,10866,51,118410,0,1,0,1,1
867,10867,33,14759,0,0,1,0,4
868,10868,31,105239,0,0,1,1,0
869,10869,35,30020,0,1,0,1,3
870,10870,41,118635,0,1,0,0,1
871,10871,35,15036,0,1,0,0,3
872,10872,51,117739,1,0,0,1,2
873,10873,38,28518,0,1,0,0,1
874,10874,56,64176,0,1,0,1,1
875,10875,36,63662,0,0,1,0,0
876,10876,27,144189,0,0,1,1,0
877,10877,36,106144,0,1,0,0,3
878,10878,26,41257,0,0,1,0,4
879,10879,52,26025,0,1,0,0,1
880,10880,36,67106,0,1,0,1,3
881,10881,31,87613,0,1,0,0,3
882,10882,36,35327,0,0,1,1,4
883,10883,51,46845,0,0,1,0,4
884,10884,53,28999,0,0,1,1,4
885,10885,53,87680,0,1,0,0,1
886,10886,45,31961,0,0,1,1,4
887,10887,34,148567,0,0,1,1,0
888,10888,44,26112,0,1,0,1,1
889,10889,33,37493,1,0,0,1,2
890,10890,38,57796,0,0,1,1,0
891,10891,21,138753,0,0,1,0,0
892,10892,29,73486,1,0,0,1,2
893,10893,49,135446,0,0,1,0,0
894,10894,27,69709,0,1,0,1,3
895,10895,47,109959,0,0,1,1,0
896,10896,25,128575,0,0,1,1,0
897,10897,46,12973,0,0,1,1,4
898,10898,39,36040,0,0,1,0,4
899,10899,46,26161,0,1,0,0,1
900,10900,48,40970,0,1,0,0,1
901,10901,25,48788,0,0,1,1,4
902,10902,22,72345,0,1,0,0,3
903,10903,52,66650,0,1,0,0,1
904,10904,36,67832,0,0,1,1,0
905,10905,48,16646,0,1,0,0,1
906,10906,53,18265,0,1,0,1,1
907,10907,55,69864,0,0,1,0,0
908,10908,47,146897,0,1,0,0,1
909,10909,23,40428,0,0,1,1,4
910,10910,52,70818,0,1,0,1,1
911,10911,52,125911,0,0,1,0,0
912,10912,20,139749,0,0,1,0,0
913,10913,31,139827,0,0,1,1,0
914,10914,34,21076,0,0,1,0,4
915,10915,26,30887,0,1,0,1,3
916,10916,59,83638,0,0,1,1,4
917,10917,54,95137,0,0,1,0,4
918,10918,30,48896,0,0,1,1,4
919,10919,50,52711,0,0,1,1,4
920,10920,30,35094,0,0,1,0,4
921,10921,46,86912,0,1,0,1,1
922,10922,28,89711,0,0,1,0,4
923,10923,26,50015,0,0,1,1,4
924,10924,59,12243,0,1,0,0,1
925,10925,36,111549,0,0,1,1,0
926,10926,55,29076,0,1,0,0,1
927,10927,34,132320,0,1,0,1,3
928,10928,27,140426,0,1,0,1,3
929,10929,46,82332,0,1,0,0,1
930,10930,44,144702,0,0,1,0,0
931,10931,57,70626,0,0,1,0,0
932,10932,37,121500,0,0,1,0,0
933,10933,25,12930,0,0,1,0,4
934,10934,43,111896,0,0,1,0,0
935,10935,20,63459,1,0,0,0,2
936,10936,29,82306,0,1,0,0,3
937,10937,56,108832,0,0,1,0,0
938,10938,27,43830,0,1,0,1,3
939,10939,54,32650,0,1,0,1,1
940,10940,43,109007,0,1,0,1,3
941,10941,27,26866,0,1,0,1,3
942,10942,53,120249,0,0,1,0,0
943,10943,55,142863,0,0,1,0,0
944,10944,28,97241,0,1,0,1,3
945,10945,25,16744,0,0,1,0,4
946,10946,48,133974,0,0,1,0,0
947,10947,39,126605,0,1,0,0,3
948,10948,21,100651,0,0,1,0,0
949,10949,45,113031,0,0,1,0,0
950,10950,37,79047,0,0,1,1,4
951,10951,49,48567,1,0,0,1,2
952,10952,51,103636,0,0,1,1,0
953,10953,24,63855,0,0,1,1,0
954,10954,24,12977,0,1,0,1,3
955,10955,57,141049,0,1,0,1,1
956,10956,36,106529,0,1,0,1,3
957,10957,20,44738,0,0,1,1,4
958,10958,53,76531,1,0,0,1,2
959,10959,48,20042,0,0,1,0,4
960,10960,22,114377,0,1,0,0,3
961,10961,56,142693,0,1,0,0,1
962,10962,23,78085,0,1,0,0,3
963,10963,42,14673,0,1,0,1,3
964,10964,23,132405,0,1,0,0,3
965,10965,43,134046,0,1,0,1,3
966,10966,39,55538,0,0,1,0,4
967,10967,29,19228,0,0,1,1,4
968,10968,59,22274,0,1,0,0,1
969,10969,35,99748,0,0,1,0,0
970,10970,54,105990,0,1,0,1,1
971,10971,37,21257,0,0,1,1,4
972,10972,52,139663,1,0,0,0,2
973,10973,54,42966,0,0,1,0,4
974,10974,42,32177,0,0,1,1,4
975,10975,45,135418,0,0,1,1,0
976,10976,41,25252,0,1,0,0,1
977,10977,33,28646,0,1,0,1,3
978,10978,36,122579,0,0,1,0,0
979,10979,36,90271,0,1,0,0,3
980,10980,27,53605,1,0,0,1,2
981,10981,35,136193,0,1,0,0,3
982,10982,24,64445,0,0,1,1,0
983,10983,25,108002,0,0,1,0,0
984,10984,31,45713,0,1,0,1,3
985,10985,52,105729,0,0,1,0,0
986,10986,55,140413,0,1,0,0,1
987,10987,36,37008,0,0,1,0,4
988,10988,31,48148,0,0,1,1,4
989,10989,30,140136,1,0,0,0,2
990,10990,30,142435,0,0,1,1,0
991,10991,55,148631,0,1,0,1,1
992,10992,37,96477,0,0,1,1,4
993,10993,26,76522,0,0,1,0,4
994,10994,41,37339,0,1,0,1,3
995,10995,50,55255,0,0,1,1,4
996,10996,21,142656,0,0,1,1,0
997,10997,21,102775,0,1,0,1,3
998,10998,28,30593,0,0,1,0,4
999,10999,28,45083,0,0,1,0,4
1000,11000,55,37601,0,0,1,1,4
